{"aaa": 10.111, "bbb": 7.6670331954956055, "ccc": 7.219334602355957}